ID	title	rate	genre	year	director
0111161	The Shawshank Redemption 	9.3	Crime	1994	Frank Darabont
0068646	The Godfather 	9.2	Crime	1972	Francis Ford Coppola
0071562	The Godfather: Part II 	9.0	Crime	1974	Francis Ford Coppola
0468569	The Dark Knight 	9.0	Action	2008	Christopher Nolan
0050083	12 Angry Men 	8.9	Crime	1957	Sidney Lumet
0108052	Schindler's List 	8.9	Biography	1993	Steven Spielberg
0167260	The Lord of the Rings: The Return of the King 	8.9	Adventure	2003	Peter Jackson
0110912	Pulp Fiction 	8.9	Crime	1994	Quentin Tarantino
0137523	Fight Club 	8.8	Drama	1999	David Fincher
0120737	The Lord of the Rings: The Fellowship of the Ring 	8.8	Adventure	2001	Peter Jackson
0109830	Forrest Gump 	8.8	Drama	1994	Robert Zemeckis
0080684	Star Wars: Episode V - The Empire Strikes Back 	8.8	Action	1980	Irvin Kershner
1375666	Inception 	8.8	Action	2010	Christopher Nolan
0167261	The Lord of the Rings: The Two Towers 	8.7	Adventure	2002	Peter Jackson
0073486	One Flew Over the Cuckoo's Nest 	8.7	Drama	1975	Milos Forman
0099685	Goodfellas 	8.7	Biography	1990	Martin Scorsese
0133093	The Matrix 	8.7	Action	1999	Lana Wachowski
0047478	Seven Samurai 	8.7	Adventure	1954	Akira Kurosawa
0317248	City of God 	8.6	Crime	2002	Fernando Meirelles
0076759	Star Wars: Episode IV - A New Hope 	8.6	Action	1977	George Lucas
0114369	Se7en 	8.6	Crime	1995	David Fincher
0102926	The Silence of the Lambs 	8.6	Crime	1991	Jonathan Demme
0038650	It's a Wonderful Life 	8.6	Drama	1946	Frank Capra
0118799	Life Is Beautiful 	8.6	Comedy	1997	Roberto Benigni
0114814	The Usual Suspects 	8.6	Crime	1995	Bryan Singer
0245429	Spirited Away 	8.6	Animation	2001	Hayao Miyazaki
0120815	Saving Private Ryan 	8.6	Drama	1998	Steven Spielberg
0110413	Léon: The Professional 	8.6	Crime	1994	Luc Besson
0816692	Interstellar 	8.6	Adventure	2014	Christopher Nolan
0120689	The Green Mile 	8.5	Crime	1999	Frank Darabont
0120586	American History X 	8.5	Crime	1998	Tony Kaye
0054215	Psycho 	8.5	Horror	1960	Alfred Hitchcock
0064116	Once Upon a Time in the West 	8.5	Western	1968	Sergio Leone
0021749	City Lights 	8.6	Comedy	1931	Charles Chaplin
0034583	Casablanca 	8.5	Drama	1942	Michael Curtiz
0027977	Modern Times 	8.5	Comedy	1936	Charles Chaplin
1675434	The Intouchables 	8.5	Biography	2011	Olivier Nakache
0253474	The Pianist 	8.5	Biography	2002	Roman Polanski
0407887	The Departed 	8.5	Crime	2006	Martin Scorsese
0103064	Terminator 2 	8.5	Action	1991	James Cameron
0082971	Raiders of the Lost Ark 	8.5	Action	1981	Steven Spielberg
0088763	Back to the Future 	8.5	Adventure	1985	Robert Zemeckis
0047396	Rear Window 	8.5	Mystery	1954	Alfred Hitchcock
2582802	Whiplash 	8.5	Drama	2014	Damien Chazelle
0172495	Gladiator 	8.5	Action	2000	Ridley Scott
0110357	The Lion King 	8.5	Animation	1994	Roger Allers
0482571	The Prestige 	8.5	Drama	2006	Christopher Nolan
0209144	Memento 	8.5	Mystery	2000	Christopher Nolan
0078788	Apocalypse Now 	8.5	Drama	1979	Francis Ford Coppola
0078748	Alien 	8.5	Horror	1979	Ridley Scott
0032553	The Great Dictator 	8.5	Comedy	1940	Charles Chaplin
0095765	Cinema Paradiso 	8.5	Drama	1988	Giuseppe Tornatore
0043014	Sunset Boulevard 	8.5	Drama	1950	Billy Wilder
0057012	Dr. Strangelove or: How I Learned to Stop Worrying and Love the Bomb 	8.5	Comedy	1964	Stanley Kubrick
0095327	Grave of the Fireflies 	8.5	Animation	1988	Isao Takahata
0405094	The Lives of Others 	8.4	Drama	2006	Florian Henckel von Donnersmarck
0050825	Paths of Glory 	8.4	Drama	1957	Stanley Kubrick
0081505	The Shining 	8.4	Drama	1980	Stanley Kubrick
1853728	Django Unchained 	8.4	Drama	2012	Quentin Tarantino
2380307	Coco 	8.5	Animation	2017	Lee Unkrich
0910970	WALL·E 	8.4	Animation	2008	Andrew Stanton
0119698	Princess Mononoke 	8.4	Animation	1997	Hayao Miyazaki
0169547	American Beauty 	8.4	Drama	1999	Sam Mendes
1345836	The Dark Knight Rises 	8.4	Action	2012	Christopher Nolan
0051201	Witness for the Prosecution 	8.4	Crime	1957	Billy Wilder
0364569	Oldboy 	8.4	Action	2003	Chan-wook Park
0090605	Aliens 	8.4	Action	1986	James Cameron
0087843	Once Upon a Time in America 	8.4	Crime	1984	Sergio Leone
0082096	Das Boot 	8.4	Adventure	1981	Wolfgang Petersen
0033467	Citizen Kane 	8.4	Drama	1941	Orson Welles
0052357	Vertigo 	8.3	Mystery	1958	Alfred Hitchcock
0053125	North by Northwest 	8.4	Adventure	1959	Alfred Hitchcock
0112573	Braveheart 	8.4	Biography	1995	Mel Gibson
0105236	Reservoir Dogs 	8.3	Crime	1992	Quentin Tarantino
0086190	Star Wars: Episode VI - Return of the Jedi 	8.3	Action	1983	Richard Marquand
0022100	M 	8.4	Crime	1931	Fritz Lang
5074352	Dangal 	8.5	Action	2016	Nitesh Tiwari
5311514	Your Name 	8.4	Animation	2016	Makoto Shinkai
0180093	Requiem for a Dream 	8.3	Drama	2000	Darren Aronofsky
0086879	Amadeus 	8.3	Biography	1984	Milos Forman
0986264	Like Stars on Earth 	8.5	Drama	2007	Aamir Khan
0211915	Amélie 	8.3	Comedy	2001	Jean-Pierre Jeunet
0066921	A Clockwork Orange 	8.3	Crime	1971	Stanley Kubrick
0056172	Lawrence of Arabia 	8.3	Adventure	1962	David Lean
0338013	Eternal Sunshine of the Spotless Mind 	8.3	Drama	2004	Michel Gondry
0036775	Double Indemnity 	8.3	Crime	1944	Billy Wilder
0075314	Taxi Driver 	8.3	Crime	1976	Martin Scorsese
0045152	Singin' in the Rain 	8.3	Comedy	1952	Stanley Donen
0062622	2001: A Space Odyssey 	8.3	Adventure	1968	Stanley Kubrick
0114709	Toy Story 	8.3	Animation	1995	John Lasseter
1187043	3 Idiots 	8.4	Comedy	2009	Rajkumar Hirani
0056592	To Kill a Mockingbird 	8.3	Crime	1962	Robert Mulligan
0093058	Full Metal Jacket 	8.3	Drama	1987	Stanley Kubrick
0361748	Inglourious Basterds 	8.3	Adventure	2009	Quentin Tarantino
0040522	Bicycle Thieves 	8.3	Drama	1948	Vittorio De Sica
0070735	The Sting 	8.3	Comedy	1973	George Roy Hill
0012349	The Kid 	8.3	Comedy	1921	Charles Chaplin
0435761	Toy Story 3 	8.3	Animation	2010	Lee Unkrich
0208092	Snatch 	8.3	Comedy	2000	Guy Ritchie
0119217	Good Will Hunting 	8.3	Drama	1997	Gus Van Sant
2106476	The Hunt 	8.3	Drama	2012	Thomas Vinterberg
0071853	Monty Python and the Holy Grail 	8.3	Adventure	1975	Terry Gilliam
0059578	For a Few Dollars More 	8.3	Western	1965	Sergio Leone
0086250	Scarface 	8.3	Crime	1983	Brian De Palma
0119488	L.A. Confidential 	8.3	Crime	1997	Curtis Hanson
0053604	The Apartment 	8.3	Comedy	1960	Billy Wilder
0017136	Metropolis 	8.3	Drama	1927	Fritz Lang
1832382	A Separation 	8.3	Drama	2011	Asghar Farhadi
0042876	Rashomon 	8.3	Crime	1950	Akira Kurosawa
0097576	Indiana Jones and the Last Crusade 	8.3	Action	1989	Steven Spielberg
1049413	Up 	8.3	Animation	2009	Pete Docter
0055630	Yojimbo 	8.3	Action	1961	Akira Kurosawa
0042192	All About Eve 	8.3	Drama	1950	Joseph L. Mankiewicz
0372784	Batman Begins 	8.3	Action	2005	Christopher Nolan
0053291	Some Like It Hot 	8.3	Comedy	1959	Billy Wilder
0105695	Unforgiven 	8.2	Drama	1992	Clint Eastwood
0040897	The Treasure of the Sierra Madre 	8.3	Adventure	1948	John Huston
0363163	Downfall 	8.2	Biography	2004	Oliver Hirschbiegel
0476735	Babam ve Oglum 	8.5	Drama	2005	Çagan Irmak
0095016	Die Hard 	8.2	Action	1988	John McTiernan
0113277	Heat 	8.2	Crime	1995	Michael Mann
0081398	Raging Bull 	8.2	Biography	1980	Martin Scorsese
0044741	Ikiru 	8.3	Drama	1952	Akira Kurosawa
0057115	The Great Escape 	8.2	Adventure	1963	John Sturges
0041959	The Third Man 	8.2	Film-Noir	1949	Carol Reed
0118849	Children of Heaven 	8.3	Drama	1997	Majid Majidi
0071315	Chinatown 	8.2	Drama	1974	Roman Polanski
0457430	Pan's Labyrinth 	8.2	Drama	2006	Guillermo del Toro
1255953	Incendies 	8.2	Drama	2010	Denis Villeneuve
0096283	My Neighbor Totoro 	8.2	Animation	1988	Hayao Miyazaki
0055031	Judgment at Nuremberg 	8.2	Drama	1961	Stanley Kramer
0089881	Ran 	8.2	Action	1985	Akira Kurosawa
1305806	The Secret in Their Eyes 	8.2	Drama	2009	Juan José Campanella
0015864	The Gold Rush 	8.2	Adventure	1925	Charles Chaplin
0347149	Howl's Moving Castle 	8.2	Animation	2004	Hayao Miyazaki
0050212	The Bridge on the River Kwai 	8.2	Adventure	1957	David Lean
0047296	On the Waterfront 	8.2	Crime	1954	Elia Kazan
2096673	Inside Out 	8.2	Animation	2015	Pete Docter
0050976	The Seventh Seal 	8.2	Drama	1957	Ingmar Bergman
0268978	A Beautiful Mind 	8.2	Biography	2001	Ron Howard
0112641	Casino 	8.2	Crime	1995	Martin Scorsese
3170832	Room 	8.2	Drama	2015	Lenny Abrahamson
0031679	Mr. Smith Goes to Washington 	8.2	Comedy	1939	Frank Capra
0080678	The Elephant Man 	8.2	Biography	1980	David Lynch
0993846	The Wolf of Wall Street 	8.2	Biography	2013	Martin Scorsese
0434409	V for Vendetta 	8.2	Action	2005	James McTeigue
0083658	Blade Runner 	8.2	Sci-Fi	1982	Ridley Scott
0050986	Wild Strawberries 	8.2	Drama	1957	Ingmar Bergman
1291584	Warrior 	8.2	Drama	2011	Gavin O'Connor
0017925	The General 	8.2	Action	1926	Clyde Bruckman
0015324	Sherlock Jr. 	8.3	Action	1924	Buster Keaton
0046912	Dial M for Murder 	8.2	Crime	1954	Alfred Hitchcock
0117951	Trainspotting 	8.2	Drama	1996	Danny Boyle
0031381	Gone with the Wind 	8.2	Drama	1939	Victor Fleming
0477348	No Country for Old Men 	8.1	Crime	2007	Ethan Coen
1205489	Gran Torino 	8.1	Drama	2008	Clint Eastwood
0167404	The Sixth Sense 	8.1	Drama	1999	M. Night Shyamalan
0116282	Fargo 	8.1	Crime	1996	Joel Coen
0469494	There Will Be Blood 	8.1	Drama	2007	Paul Thomas Anderson
0077416	The Deer Hunter 	8.2	Drama	1978	Michael Cimino
0084787	The Thing 	8.1	Horror	1982	John Carpenter
0266543	Finding Nemo 	8.1	Animation	2003	Andrew Stanton
0118715	The Big Lebowski 	8.1	Comedy	1998	Joel Coen
0091251	Come and See 	8.2	Drama	1985	Elem Klimov
0061512	Cool Hand Luke 	8.1	Crime	1967	Stuart Rosenberg
0266697	Kill Bill: Vol. 1 	8.1	Action	2003	Quentin Tarantino
0018455	Sunrise 	8.2	Drama	1927	F.W. Murnau
0032976	Rebecca 	8.1	Drama	1940	Alfred Hitchcock
0046438	Tokyo Story 	8.2	Drama	1953	Yasujirô Ozu
1130884	Shutter Island 	8.1	Mystery	2010	Martin Scorsese
0116231	The Bandit 	8.4	Crime	1996	Yavuz Turgul
2119532	Hacksaw Ridge 	8.2	Biography	2016	Mel Gibson
0892769	How to Train Your Dragon 	8.1	Animation	2010	Dean DeBlois
0978762	Mary and Max 	8.1	Animation	2009	Adam Elliot
2267998	Gone Girl 	8.1	Crime	2014	David Fincher
0060107	Andrei Rublev 	8.2	Biography	1966	Andrei Tarkovsky
0758758	Into the Wild 	8.1	Adventure	2007	Sean Penn
0079470	Life of Brian 	8.1	Comedy	1979	Terry Jones
3011894	Wild Tales 	8.1	Comedy	2014	Damián Szifron
1856101	Blade Runner 2049 	8.1	Drama	2017	Denis Villeneuve
0025316	It Happened One Night 	8.1	Comedy	1934	Frank Capra
0405508	Rang De Basanti 	8.3	Comedy	2006	Rakeysh Omprakash Mehra
0091763	Platoon 	8.1	Drama	1986	Oliver Stone
0019254	The Passion of Joan of Arc 	8.2	Biography	1928	Carl Theodor Dreyer
0107207	In the Name of the Father 	8.1	Biography	1993	Jim Sheridan
0074958	Network 	8.1	Drama	1976	Sidney Lumet
0092005	Stand by Me 	8.1	Adventure	1986	Rob Reiner
0395169	Hotel Rwanda 	8.1	Biography	2004	Terry George
2278388	The Grand Budapest Hotel 	8.1	Adventure	2014	Wes Anderson
0046268	The Wages of Fear 	8.2	Adventure	1953	Henri-Georges Clouzot
0107290	Jurassic Park 	8.1	Adventure	1993	Steven Spielberg
0079944	Stalker 	8.1	Drama	1979	Andrei Tarkovsky
0052618	Ben-Hur 	8.1	Adventure	1959	William Wyler
1979320	Rush 	8.1	Action	2013	Ron Howard
0060827	Persona 	8.1	Drama	1966	Ingmar Bergman
2024544	12 Years a Slave 	8.1	Biography	2013	Steve McQueen
0353969	Memories of Murder 	8.1	Action	2003	Joon-ho Bong
0120382	The Truman Show 	8.1	Comedy	1998	Peter Weir
0405159	Million Dollar Baby 	8.1	Drama	2004	Clint Eastwood
0053198	The 400 Blows 	8.1	Crime	1959	François Truffaut
1392190	Mad Max: Fury Road 	8.1	Action	2015	George Miller
1895587	Spotlight 	8.1	Crime	2015	Tom McCarthy
3315342	Logan 	8.1	Action	2017	James Mangold
0245712	Amores Perros 	8.1	Drama	2000	Alejandro G. Iñárritu
0112471	Before Sunrise 	8.1	Drama	1995	Richard Linklater
1028532	Hachi: A Dog's Tale 	8.1	Drama	2009	Lasse Hallström
0064115	Butch Cassidy and the Sundance Kid 	8.1	Biography	1969	George Roy Hill
1392214	Prisoners 	8.1	Crime	2013	Denis Villeneuve
0093779	The Princess Bride 	8.1	Adventure	1987	Rob Reiner
0087544	Nausicaä of the Valley of the Wind 	8.1	Animation	1984	Hayao Miyazaki
3783958	La La Land 	8.1	Comedy	2016	Damien Chazelle
0264464	Catch Me If You Can 	8.1	Biography	2002	Steven Spielberg
1201607	Harry Potter and the Deathly Hallows: Part 2 	8.1	Adventure	2011	David Yates
0033870	The Maltese Falcon 	8.1	Film-Noir	1941	John Huston
0075148	Rocky 	8.1	Drama	1976	John G. Avildsen
1280558	A Wednesday 	8.2	Crime	2008	Neeraj Pandey
0032551	The Grapes of Wrath 	8.1	Drama	1940	John Ford
0050783	The Nights of Cabiria 	8.1	Drama	1957	Federico Fellini
0046911	Diabolique 	8.1	Crime	1955	Henri-Georges Clouzot
0246578	Donnie Darko 	8.1	Drama	2001	Richard Kelly
0072684	Barry Lyndon 	8.1	Adventure	1975	Stanley Kubrick
0070510	Paper Moon 	8.1	Comedy	1973	Peter Bogdanovich
0083987	Gandhi 	8.1	Biography	1982	Richard Attenborough
0088247	The Terminator 	8.0	Action	1984	James Cameron
0052311	Touch of Evil 	8.1	Crime	1958	Orson Welles
0113247	La Haine 	8.1	Crime	1995	Mathieu Kassovitz
0107048	Groundhog Day 	8.0	Comedy	1993	Harold Ramis
0032138	The Wizard of Oz 	8.0	Adventure	1939	Victor Fleming
0097165	Dead Poets Society 	8.1	Comedy	1989	Peter Weir
0440963	The Bourne Ultimatum 	8.0	Action	2007	Paul Greengrass
0075686	Annie Hall 	8.0	Comedy	1977	Woody Allen
0056801	8½ 	8.1	Drama	1963	Federico Fellini
0073195	Jaws 	8.0	Adventure	1975	Steven Spielberg
0118694	In the Mood for Love 	8.1	Drama	2000	Kar-Wai Wong
1454029	The Help 	8.1	Drama	2011	Tate Taylor
0338564	Infernal Affairs 	8.1	Crime	2002	Wai-Keung Lau
0036868	The Best Years of Our Lives 	8.1	Drama	1946	William Wyler
0114746	Twelve Monkeys 	8.0	Mystery	1995	Terry Gilliam
1954470	Gangs of Wasseypur 	8.2	Action	2012	Anurag Kashyap
0381681	Before Sunset 	8.1	Drama	2004	Richard Linklater
0101414	Beauty and the Beast 	8.0	Animation	1991	Gary Trousdale
0111495	Three Colors: Red 	8.1	Drama	1994	Krzysztof Kieslowski
0072890	Dog Day Afternoon 	8.0	Biography	1975	Sidney Lumet
2991224	Tangerines 	8.3	Drama	2013	Zaza Urushadze
